{
  "eer": 0.14073964399697297,
  "eer_threshold": 0.26973000168800354,
  "accuracy": 0.8526490066225165,
  "precision": 0.916030534351145,
  "recall": 0.7817589576547231,
  "f1": 0.8435852372583479,
  "confusion": {
    "tp": 240,
    "tn": 275,
    "fp": 22,
    "fn": 67
  },
  "n": 604
}