{
  "eer": 0.14405181017558868,
  "eer_threshold": 0.20418477058410645,
  "accuracy": 0.8360927152317881,
  "precision": 0.9482758620689655,
  "recall": 0.7166123778501629,
  "f1": 0.8163265306122448,
  "confusion": {
    "tp": 220,
    "tn": 285,
    "fp": 12,
    "fn": 87
  },
  "n": 604
}