{
  "eer": 0.24504546002917338,
  "eer_threshold": 0.6003645062446594,
  "accuracy": 0.7450331125827815,
  "precision": 0.7107438016528925,
  "recall": 0.8403908794788274,
  "f1": 0.7701492537313432,
  "confusion": {
    "tp": 258,
    "tn": 192,
    "fp": 105,
    "fn": 49
  },
  "n": 604
}