{
  "eer": 0.380789436164029,
  "eer_threshold": 0.6991182565689087,
  "accuracy": 0.6738410596026491,
  "precision": 0.6261467889908257,
  "recall": 0.8892508143322475,
  "f1": 0.7348586810228802,
  "confusion": {
    "tp": 273,
    "tn": 134,
    "fp": 163,
    "fn": 34
  },
  "n": 604
}