{
  "eer": 0.22848462913609494,
  "eer_threshold": 0.11400540173053741,
  "accuracy": 0.6274834437086093,
  "precision": 0.8867924528301887,
  "recall": 0.30618892508143325,
  "f1": 0.45520581113801456,
  "confusion": {
    "tp": 94,
    "tn": 285,
    "fp": 12,
    "fn": 213
  },
  "n": 604
}