{
  "eer": 0.5,
  "eer_threshold": NaN,
  "accuracy": 0.5082781456953642,
  "precision": 0.5082781456953642,
  "recall": 1.0,
  "f1": 0.6739846322722283,
  "confusion": {
    "tp": 307,
    "tn": 0,
    "fp": 297,
    "fn": 0
  },
  "n": 604
}