{
  "eer": 0.42428571428571427,
  "eer_threshold": 0.5165764093399048,
  "accuracy": 0.525,
  "precision": 0.4492753623188406,
  "recall": 0.62,
  "f1": 0.5210084033613446,
  "confusion": {
    "tp": 31,
    "tn": 32,
    "fp": 38,
    "fn": 19
  },
  "n": 120
}